{
  "name": "TickerScheduler",
  "version": "1.0.2",
  "description": "Simple scheduler for Arduino based boards. On ESP8266 & ESP32 it utilizes native Ticker.",
  "keywords": "schedule,scheduler,task,event,manager,ticker,timer,library,arduino",
  "repository":
  {
    "type": "git",
    "url": "https://github.com/Toshik/TickerScheduler"
  },
  "authors":
  [
    {
      "name": "Toshik",
      "url": "https://github.com/Toshik"
    }
  ],
  "homepage": "https://github.com/Toshik/TickerScheduler",
  "frameworks": ["arduino"],
  "platforms": ["atmelavr", "espressif32", "espressif8266"]
}
